fileName,Motorized,Non Motorized,Vehicle,Mechanical,Dog,Hybrid
mechanical_1_dogs1_2018-12-07--08-38-15.JPG,0,0,0,1,1,0
mechanical_1_dogs1_2018-12-08--13-32-27.JPG,0,0,0,1,1,0
mechanical_1_dogs2_2018-12-09--09-00-01.JPG,0,2,0,1,2,0
mechanical_1_dogs2_2018-12-23--09-50-11.JPG,0,0,0,1,2,0
mechanical_1_noDogs_2018-12-07--08-09-17.JPG,0,0,0,1,0,0
mechanical_1_noDogs_2018-12-07--12-29-15.JPG,0,0,0,1,0,0
mechanical_1_noDogs_2018-12-07--12-29-41.JPG,0,0,0,1,0,0
mechanical_1_noDogs_2018-12-07--13-37-19.JPG,0,0,0,1,0,0
mechanical_1_noDogs_2018-12-07--13-38-01.JPG,0,0,0,1,0,0
mechanical_1_noDogs_2018-12-08--12-19-35.JPG,0,0,0,1,0,0
mechanical_1_noDogs_2018-12-08--12-23-30.JPG,0,0,0,1,0,0
mechanical_1_noDogs_2018-12-08--13-16-10.JPG,0,0,0,1,0,0
mechanical_1_noDogs_2018-12-08--14-18-32.JPG,0,0,0,1,0,0
mechanical_1_noDogs_2018-12-09--10-09-32.JPG,0,0,0,1,0,0
mechanical_1_noDogs_2018-12-09--12-39-15.JPG,0,0,0,1,0,0
mechanical_1_noDogs_2018-12-09--13-57-08.JPG,0,0,0,1,0,0
mechanical_1_noDogs_2018-12-09--14-34-38.JPG,0,0,0,1,0,0
mechanical_1_noDogs_2018-12-09--15-31-04.JPG,0,0,0,1,0,0
mechanical_1_noDogs_2018-12-12--10-32-37.JPG,0,0,0,1,0,0
mechanical_1_noDogs_2018-12-12--11-35-22.JPG,0,0,0,1,0,0
mechanical_1_noDogs_2018-12-15--14-31-54.JPG,0,0,0,1,0,0
mechanical_1_noDogs_2018-12-15--15-00-24.JPG,0,0,0,1,0,0
mechanical_1_noDogs_2018-12-16--10-42-25.JPG,0,0,0,1,0,0
mechanical_1_noDogs_2018-12-16--12-12-57.JPG,0,0,0,1,0,0
mechanical_1_noDogs_2018-12-17--11-09-35.JPG,0,0,0,1,0,0
mechanical_1_noDogs_2018-12-17--11-14-07.JPG,0,0,0,1,0,0
mechanical_1_noDogs_2018-12-17--12-41-04.JPG,0,0,0,1,0,0
mechanical_1_noDogs_2018-12-17--12-44-18.JPG,0,0,0,1,0,0
mechanical_1_noDogs_2018-12-18--11-26-21.JPG,0,0,0,1,0,0
mechanical_1_noDogs_2018-12-18--12-52-09.JPG,0,0,0,1,0,0
mechanical_1_noDogs_2018-12-20--10-40-58.JPG,0,0,0,1,0,0
mechanical_1_noDogs_2018-12-20--10-44-27.JPG,0,0,0,1,0,0
mechanical_1_noDogs_2018-12-20--11-20-33.JPG,0,0,0,1,0,0
mechanical_1_noDogs_2018-12-21--11-23-17.JPG,0,0,0,1,0,0
mechanical_1_noDogs_2018-12-21--13-23-14.JPG,0,0,0,1,0,0
mechanical_1_noDogs_2018-12-22--10-13-16.JPG,0,0,0,1,0,0
mechanical_1_noDogs_2018-12-23--08-35-40.JPG,0,0,0,1,0,0
mechanical_1_noDogs_2018-12-23--09-34-54.JPG,0,0,0,1,0,0
mechanical_1_noDogs_2018-12-23--09-35-59.JPG,0,0,0,1,0,0
mechanical_1_noDogs_2018-12-23--09-36-25.JPG,0,0,0,1,0,0
mechanical_1_noDogs_2018-12-23--15-05-44.JPG,0,0,0,1,0,0
mechanical_1_noDogs_2018-12-23--16-03-24.JPG,0,0,0,1,0,0
mechanical_1_noDogs_2018-12-26--11-18-03.JPG,0,0,0,1,0,0
mechanical_1_noDogs_2018-12-26--12-31-37.JPG,0,0,0,1,0,0
mechanical_1_noDogs_2018-12-26--12-34-31.JPG,0,0,0,1,0,0
mechanical_1_noDogs_2018-12-26--12-37-57.JPG,0,0,0,1,0,0
mechanical_1_noDogs_2018-12-26--13-00-38.JPG,0,0,0,1,0,0
mechanical_1_noDogs_2018-12-26--13-11-54.JPG,0,0,0,1,0,0
mechanical_1_noDogs_2018-12-28--11-51-28.JPG,0,0,0,1,0,0
mechanical_1_noDogs_2018-12-28--11-51-35.JPG,0,0,0,1,0,0
mechanical_1_noDogs_2018-12-28--14-01-40.JPG,0,0,0,1,0,0
mechanical_2_dogs1_2018-12-17--10-58-55.JPG,0,0,0,2,1,0
mechanical_2_dogs1_2018-12-28--12-21-07.JPG,0,0,0,2,1,0
mechanical_2_noDogs_2018-12-28--09-40-55.JPG,0,0,0,2,0,0
mechanical_2_noDogs_2018-12-28--14-01-53.JPG,0,0,0,2,0,0
motorized_1_dogs1_2018-12-07--13-13-00.JPG,1,0,0,0,1,0
motorized_1_dogs1_2018-12-08--05-19-40.JPG,1,0,0,0,1,0
motorized_1_dogs1_2018-12-09--10-27-06.JPG,1,0,0,0,1,0
motorized_1_dogs1_2018-12-09--12-57-31.JPG,1,0,0,0,1,1
motorized_1_dogs1_2018-12-13--13-17-34.JPG,1,1,0,0,1,0
motorized_1_dogs1_2018-12-26--14-38-18.JPG,1,0,0,0,1,0
motorized_1_dogs1_2018-12-28--09-45-26.JPG,0,1,0,0,1,0
motorized_1_dogs2_2018-12-11--15-10-40.JPG,1,0,0,0,1,0
motorized_1_dogs3_2018-12-11--15-10-58.JPG,1,0,0,0,3,0
motorized_1_noDogs_2018-12-05--14-23-23.JPG,1,0,0,0,0,0
motorized_1_noDogs_2018-12-06--07-32-16.JPG,1,0,0,0,0,0
motorized_1_noDogs_2018-12-06--07-39-58.JPG,1,0,0,0,0,0
motorized_1_noDogs_2018-12-06--10-46-43.JPG,1,0,0,0,0,0
motorized_1_noDogs_2018-12-06--10-46-50.JPG,1,0,0,0,0,0
motorized_1_noDogs_2018-12-06--10-46-56.JPG,1,0,0,0,0,0
motorized_1_noDogs_2018-12-06--10-51-13.JPG,1,0,0,0,0,0
motorized_1_noDogs_2018-12-06--11-38-18.JPG,1,0,0,0,0,0
motorized_1_noDogs_2018-12-06--11-38-50.JPG,1,0,0,0,0,0
motorized_1_noDogs_2018-12-06--12-47-49.JPG,1,0,0,0,0,0
motorized_1_noDogs_2018-12-06--12-47-55.JPG,1,0,0,0,0,0
motorized_1_noDogs_2018-12-06--12-48-20.JPG,1,0,0,0,0,0
motorized_1_noDogs_2018-12-06--12-48-41.JPG,1,0,0,0,0,0
motorized_1_noDogs_2018-12-06--12-48-46.JPG,1,0,0,0,0,0
motorized_1_noDogs_2018-12-07--10-25-09.JPG,1,0,0,0,0,0
motorized_1_noDogs_2018-12-07--11-03-14.JPG,1,0,0,0,0,0
motorized_1_noDogs_2018-12-07--11-29-25.JPG,1,0,0,0,0,0
motorized_1_noDogs_2018-12-07--11-29-33.JPG,1,0,0,0,0,0
motorized_1_noDogs_2018-12-07--13-24-28.JPG,1,0,0,0,0,0
motorized_1_noDogs_2018-12-07--13-24-46.JPG,1,0,0,0,0,0
motorized_1_noDogs_2018-12-07--13-30-48.JPG,1,0,0,0,0,0
motorized_1_noDogs_2018-12-07--14-08-55.JPG,1,0,0,0,0,0
motorized_1_noDogs_2018-12-07--14-09-01.JPG,1,0,0,0,0,0
motorized_1_noDogs_2018-12-07--14-27-38.JPG,1,0,0,0,0,0
motorized_1_noDogs_2018-12-07--14-42-29.JPG,1,0,0,0,0,0
motorized_1_noDogs_2018-12-07--14-43-07.JPG,1,0,0,0,0,0
motorized_1_noDogs_2018-12-07--14-43-38.JPG,1,0,0,0,0,0
motorized_1_noDogs_2018-12-08--05-19-24.JPG,1,0,0,0,0,0
motorized_1_noDogs_2018-12-08--06-35-03.JPG,1,0,0,0,0,0
motorized_1_noDogs_2018-12-08--06-47-18.JPG,1,0,0,0,0,0
motorized_1_noDogs_2018-12-08--10-44-04.JPG,1,0,0,0,0,0
motorized_1_noDogs_2018-12-08--10-55-37.JPG,1,1,0,0,0,0
motorized_1_noDogs_2018-12-08--10-56-16.JPG,1,1,0,0,0,0
motorized_1_noDogs_2018-12-08--10-56-37.JPG,1,0,0,0,0,0
motorized_1_noDogs_2018-12-08--11-16-59.JPG,2,0,0,0,0,0
motorized_1_noDogs_2018-12-08--11-17-06.JPG,1,0,0,0,0,0
motorized_1_noDogs_2018-12-08--11-29-36.JPG,1,0,0,0,0,0
motorized_1_noDogs_2018-12-08--11-57-51.JPG,1,0,0,0,0,0
motorized_1_noDogs_2018-12-08--11-58-08.JPG,1,0,0,0,0,0
motorized_1_noDogs_2018-12-08--12-14-53.JPG,1,0,0,0,0,0
motorized_1_noDogs_2018-12-08--12-17-20.JPG,1,0,0,0,0,0
motorized_1_noDogs_2018-12-08--12-53-10.JPG,1,0,0,0,0,0
motorized_1_noDogs_2018-12-08--12-57-12.JPG,1,0,0,0,0,0
motorized_1_noDogs_2018-12-08--12-57-46.JPG,1,0,0,0,0,0
motorized_1_noDogs_2018-12-08--13-01-41.JPG,1,0,0,0,0,0
motorized_1_noDogs_2018-12-08--13-03-45.JPG,1,0,0,0,0,0
motorized_1_noDogs_2018-12-08--13-05-00.JPG,1,0,0,0,0,0
motorized_1_noDogs_2018-12-08--13-18-01.JPG,1,0,0,0,0,0
motorized_1_noDogs_2018-12-08--14-01-29.JPG,1,0,0,0,0,0
motorized_1_noDogs_2018-12-08--15-54-41.JPG,1,0,0,0,0,0
motorized_1_noDogs_2018-12-08--19-09-18.JPG,1,0,0,0,0,0
motorized_1_noDogs_2018-12-09--08-26-21.JPG,1,0,0,0,0,0
motorized_1_noDogs_2018-12-09--09-41-45.JPG,1,0,0,0,0,0
motorized_1_noDogs_2018-12-09--09-43-25.JPG,1,0,0,0,0,0
motorized_1_noDogs_2018-12-09--11-36-31.JPG,1,0,0,0,0,0
motorized_1_noDogs_2018-12-09--12-05-40.JPG,1,0,0,0,0,0
motorized_1_noDogs_2018-12-09--12-06-50.JPG,1,0,0,0,0,0
motorized_1_noDogs_2018-12-09--14-11-17.JPG,1,0,0,0,0,0
motorized_1_noDogs_2018-12-09--14-11-27.JPG,1,0,0,0,0,0
motorized_1_noDogs_2018-12-10--05-32-13.JPG,1,0,0,0,0,0
motorized_1_noDogs_2018-12-10--08-33-24.JPG,1,0,0,0,0,0
motorized_1_noDogs_2018-12-10--08-38-05.JPG,1,0,0,0,0,0
motorized_1_noDogs_2018-12-10--15-21-47.JPG,1,0,0,0,0,0
motorized_1_noDogs_2018-12-10--16-13-19.JPG,1,0,0,0,0,0
motorized_1_noDogs_2018-12-10--16-13-32.JPG,1,0,0,0,0,0
motorized_1_noDogs_2018-12-10--16-13-40.JPG,1,0,0,0,0,0
motorized_1_noDogs_2018-12-11--10-36-49.JPG,1,0,0,0,0,0
motorized_1_noDogs_2018-12-11--13-15-39.JPG,1,0,0,0,0,0
motorized_1_noDogs_2018-12-11--15-23-26.JPG,1,0,0,0,0,0
motorized_1_noDogs_2018-12-12--07-43-01.JPG,1,0,0,0,0,0
motorized_1_noDogs_2018-12-12--13-42-45.JPG,1,0,0,0,0,0
motorized_1_noDogs_2018-12-13--13-17-27.JPG,1,0,0,0,0,0
motorized_1_noDogs_2018-12-13--14-49-32.JPG,1,0,0,0,0,0
motorized_1_noDogs_2018-12-13--15-08-46.JPG,1,0,0,0,0,0
motorized_1_noDogs_2018-12-13--15-24-39.JPG,1,0,0,0,0,0
motorized_1_noDogs_2018-12-14--06-05-44.JPG,1,0,0,0,0,0
motorized_1_noDogs_2018-12-14--06-42-34.JPG,1,0,0,0,0,0
motorized_1_noDogs_2018-12-14--09-40-36.JPG,1,0,0,0,0,0
motorized_1_noDogs_2018-12-14--09-47-00.JPG,1,0,0,0,0,0
motorized_1_noDogs_2018-12-14--14-52-59.JPG,1,0,0,0,0,0
motorized_1_noDogs_2018-12-14--14-53-09.JPG,1,0,0,0,0,0
motorized_1_noDogs_2018-12-14--17-37-51.JPG,1,0,0,0,0,0
motorized_1_noDogs_2018-12-15--08-32-12.JPG,1,0,0,0,0,0
motorized_1_noDogs_2018-12-15--10-24-10.JPG,1,2,0,0,0,0
motorized_1_noDogs_2018-12-15--10-56-10.JPG,1,0,0,0,0,0
motorized_1_noDogs_2018-12-15--10-56-16.JPG,1,0,0,0,0,0
motorized_1_noDogs_2018-12-15--11-40-25.JPG,1,0,0,0,0,0
motorized_1_noDogs_2018-12-15--12-20-21.JPG,1,0,0,0,0,0
motorized_1_noDogs_2018-12-15--12-39-43.JPG,1,0,0,0,0,0
motorized_1_noDogs_2018-12-15--13-32-27.JPG,1,0,0,0,0,0
motorized_1_noDogs_2018-12-15--20-15-41.JPG,1,0,0,0,0,0
motorized_1_noDogs_2018-12-16--06-22-03.JPG,1,0,0,0,0,0
motorized_1_noDogs_2018-12-16--07-28-02.JPG,1,0,0,0,0,0
motorized_1_noDogs_2018-12-16--08-38-43.JPG,1,0,0,0,0,0
motorized_1_noDogs_2018-12-16--08-41-31.JPG,1,0,0,0,0,0
motorized_1_noDogs_2018-12-16--08-41-39.JPG,1,0,0,0,0,0
motorized_1_noDogs_2018-12-16--12-49-59.JPG,1,0,0,0,0,0
motorized_1_noDogs_2018-12-16--12-50-05.JPG,1,0,0,0,0,0
motorized_1_noDogs_2018-12-16--12-52-08.JPG,1,0,0,0,0,0
motorized_1_noDogs_2018-12-16--13-06-20.JPG,1,0,0,0,0,0
motorized_1_noDogs_2018-12-16--13-09-05.JPG,1,0,0,0,0,0
motorized_1_noDogs_2018-12-16--13-54-39.JPG,1,0,0,0,0,0
motorized_1_noDogs_2018-12-16--14-13-10.JPG,1,0,0,0,0,0
motorized_1_noDogs_2018-12-16--14-21-25.JPG,1,0,0,0,0,0
motorized_1_noDogs_2018-12-16--14-27-04.JPG,1,0,0,0,0,0
motorized_1_noDogs_2018-12-16--16-28-27.JPG,1,0,0,0,0,0
motorized_1_noDogs_2018-12-16--16-28-35.JPG,1,0,0,0,0,0
motorized_1_noDogs_2018-12-16--16-29-09.JPG,1,0,0,0,0,0
motorized_1_noDogs_2018-12-16--18-13-36.JPG,1,0,0,0,0,0
motorized_1_noDogs_2018-12-16--18-13-53.JPG,1,0,0,0,0,0
motorized_1_noDogs_2018-12-16--19-07-55.JPG,1,0,0,0,0,0
motorized_1_noDogs_2018-12-17--06-10-22.JPG,1,0,0,0,0,0
motorized_1_noDogs_2018-12-17--08-52-20.JPG,1,0,0,0,0,0
motorized_1_noDogs_2018-12-17--12-51-36.JPG,1,0,0,0,0,0
motorized_1_noDogs_2018-12-17--12-51-42.JPG,1,0,0,0,0,0
motorized_1_noDogs_2018-12-17--12-51-48.JPG,1,0,0,0,0,0
motorized_1_noDogs_2018-12-17--12-51-57.JPG,1,0,0,0,0,0
motorized_1_noDogs_2018-12-17--12-52-04.JPG,1,0,0,0,0,0
motorized_1_noDogs_2018-12-17--12-56-01.JPG,1,0,0,0,0,0
motorized_1_noDogs_2018-12-17--15-12-43.JPG,1,0,0,0,0,0
motorized_1_noDogs_2018-12-17--15-59-52.JPG,1,0,0,0,0,0
motorized_1_noDogs_2018-12-17--21-41-11.JPG,1,0,0,0,0,0
motorized_1_noDogs_2018-12-18--05-50-59.JPG,1,0,0,0,0,0
motorized_1_noDogs_2018-12-18--10-21-29.JPG,1,0,0,0,0,0
motorized_1_noDogs_2018-12-18--10-21-36.JPG,1,0,0,0,0,0
motorized_1_noDogs_2018-12-18--12-33-12.JPG,1,0,0,0,0,0
motorized_1_noDogs_2018-12-18--15-30-51.JPG,1,0,0,0,0,0
motorized_1_noDogs_2018-12-18--16-45-24.JPG,1,0,0,0,0,0
motorized_1_noDogs_2018-12-18--18-39-45.JPG,1,0,0,0,0,0
motorized_1_noDogs_2018-12-18--18-41-56.JPG,1,0,0,0,0,0
motorized_1_noDogs_2018-12-19--04-15-52.JPG,1,0,0,0,0,0
motorized_1_noDogs_2018-12-19--15-44-27.JPG,1,0,0,0,0,0
motorized_1_noDogs_2018-12-20--05-37-50.JPG,1,0,0,0,0,0
motorized_1_noDogs_2018-12-20--08-28-17.JPG,1,0,0,0,0,0
motorized_1_noDogs_2018-12-20--10-32-12.JPG,1,0,0,0,0,0
motorized_1_noDogs_2018-12-20--10-32-21.JPG,1,0,0,0,0,0
motorized_1_noDogs_2018-12-20--11-37-59.JPG,1,0,0,0,0,0
motorized_1_noDogs_2018-12-20--12-02-59.JPG,1,0,0,0,0,0
motorized_1_noDogs_2018-12-20--12-16-04.JPG,1,0,0,0,0,0
motorized_1_noDogs_2018-12-20--12-23-28.JPG,1,0,0,0,0,0
motorized_1_noDogs_2018-12-20--12-25-46.JPG,1,0,0,0,0,0
motorized_1_noDogs_2018-12-20--12-35-29.JPG,1,0,0,0,0,0
motorized_1_noDogs_2018-12-20--12-38-03.JPG,1,0,0,0,0,0
motorized_1_noDogs_2018-12-20--14-33-12.JPG,1,0,0,0,0,0
motorized_1_noDogs_2018-12-20--14-38-48.JPG,1,0,0,0,0,0
motorized_1_noDogs_2018-12-20--15-09-38.JPG,1,0,0,0,0,0
motorized_1_noDogs_2018-12-20--15-09-55.JPG,1,0,0,0,0,0
motorized_1_noDogs_2018-12-20--15-15-15.JPG,1,0,0,0,0,0
motorized_1_noDogs_2018-12-20--15-17-32.JPG,1,0,0,0,0,0
motorized_1_noDogs_2018-12-20--15-45-00.JPG,1,0,0,0,0,0
motorized_1_noDogs_2018-12-21--07-54-45.JPG,1,0,0,0,0,0
motorized_1_noDogs_2018-12-21--08-20-43.JPG,1,0,0,0,0,0
motorized_1_noDogs_2018-12-21--08-20-48.JPG,1,0,0,0,0,0
motorized_1_noDogs_2018-12-21--08-44-27.JPG,1,0,0,0,0,0
motorized_1_noDogs_2018-12-21--08-44-35.JPG,1,0,0,0,0,0
motorized_1_noDogs_2018-12-21--08-48-04.JPG,1,0,0,0,0,0
motorized_1_noDogs_2018-12-21--09-52-19.JPG,1,0,0,0,0,0
motorized_1_noDogs_2018-12-21--11-10-10.JPG,1,0,0,0,0,0
motorized_1_noDogs_2018-12-21--11-17-29.JPG,1,0,0,0,0,0
motorized_1_noDogs_2018-12-21--11-17-35.JPG,1,0,0,0,0,0
motorized_1_noDogs_2018-12-21--11-22-45.JPG,1,0,0,0,0,0
motorized_1_noDogs_2018-12-21--15-26-05.JPG,1,0,0,0,0,0
motorized_1_noDogs_2018-12-21--16-51-37.JPG,1,0,0,0,0,0
motorized_1_noDogs_2018-12-21--18-59-54.JPG,1,0,0,0,0,0
motorized_1_noDogs_2018-12-21--19-00-01.JPG,1,0,0,0,0,0
motorized_1_noDogs_2018-12-22--03-54-21.JPG,1,0,0,0,0,0
motorized_1_noDogs_2018-12-22--06-04-53.JPG,1,0,0,0,0,0
motorized_1_noDogs_2018-12-22--07-35-00.JPG,1,0,0,0,0,0
motorized_1_noDogs_2018-12-22--08-30-07.JPG,1,0,0,0,0,0
motorized_1_noDogs_2018-12-22--09-15-31.JPG,1,0,0,0,0,0
motorized_1_noDogs_2018-12-22--09-16-58.JPG,1,0,0,0,0,0
motorized_1_noDogs_2018-12-22--15-06-42.JPG,1,0,0,0,0,0
motorized_1_noDogs_2018-12-23--08-18-04.JPG,1,0,0,0,0,0
motorized_1_noDogs_2018-12-23--08-33-23.JPG,1,0,0,0,0,0
motorized_1_noDogs_2018-12-23--13-00-16.JPG,1,0,0,0,0,0
motorized_1_noDogs_2018-12-23--13-02-09.JPG,1,0,0,0,0,0
motorized_1_noDogs_2018-12-23--13-36-38.JPG,1,0,0,0,0,0
motorized_1_noDogs_2018-12-23--13-37-08.JPG,1,0,0,0,0,0
motorized_1_noDogs_2018-12-23--13-37-15.JPG,1,0,0,0,0,0
motorized_1_noDogs_2018-12-23--13-39-21.JPG,1,0,0,0,0,0
motorized_1_noDogs_2018-12-23--14-56-15.JPG,1,0,0,0,0,0
motorized_1_noDogs_2018-12-23--14-56-30.JPG,1,0,0,0,0,0
motorized_1_noDogs_2018-12-23--16-00-23.JPG,1,0,0,0,0,0
motorized_1_noDogs_2018-12-23--16-56-07.JPG,1,0,0,0,0,0
motorized_1_noDogs_2018-12-23--17-36-15.JPG,1,0,0,0,0,0
motorized_1_noDogs_2018-12-23--17-36-45.JPG,1,0,0,0,0,0
motorized_1_noDogs_2018-12-23--17-37-22.JPG,1,0,0,0,0,0
motorized_1_noDogs_2018-12-23--17-37-44.JPG,1,0,0,0,0,0
motorized_1_noDogs_2018-12-23--17-37-50.JPG,1,0,0,0,0,0
motorized_1_noDogs_2018-12-23--17-37-58.JPG,1,0,0,0,0,0
motorized_1_noDogs_2018-12-23--17-38-07.JPG,1,0,0,0,0,0
motorized_1_noDogs_2018-12-23--17-39-59.JPG,1,0,0,0,0,0
motorized_1_noDogs_2018-12-23--17-40-11.JPG,1,0,0,0,0,0
motorized_1_noDogs_2018-12-23--17-40-23.JPG,1,0,0,0,0,0
motorized_1_noDogs_2018-12-23--18-51-51.JPG,1,0,0,0,0,0
motorized_1_noDogs_2018-12-24--08-13-49.JPG,1,0,0,0,0,0
motorized_1_noDogs_2018-12-24--08-14-19.JPG,1,0,0,0,0,0
motorized_1_noDogs_2018-12-24--09-13-37.JPG,1,0,0,0,0,0
motorized_1_noDogs_2018-12-24--10-50-42.JPG,1,0,0,0,0,0
motorized_1_noDogs_2018-12-24--10-52-57.JPG,1,0,0,0,0,0
motorized_1_noDogs_2018-12-24--12-56-33.JPG,1,0,0,0,0,0
motorized_1_noDogs_2018-12-24--13-35-32.JPG,1,0,0,0,0,0
motorized_1_noDogs_2018-12-24--15-47-07.JPG,1,0,0,0,0,0
motorized_1_noDogs_2018-12-24--15-48-46.JPG,1,0,0,0,0,0
motorized_1_noDogs_2018-12-24--15-49-02.JPG,1,0,0,0,0,0
motorized_1_noDogs_2018-12-25--06-26-11.JPG,1,0,0,0,0,0
motorized_1_noDogs_2018-12-25--09-04-09.JPG,1,0,0,0,0,0
motorized_1_noDogs_2018-12-25--10-04-44.JPG,1,0,0,0,0,0
motorized_1_noDogs_2018-12-25--10-07-35.JPG,1,0,0,0,0,0
motorized_1_noDogs_2018-12-25--11-42-08.JPG,1,0,0,0,0,0
motorized_1_noDogs_2018-12-25--11-46-27.JPG,1,0,0,0,0,0
motorized_1_noDogs_2018-12-25--12-17-40.JPG,1,0,0,0,0,0
motorized_1_noDogs_2018-12-25--12-20-25.JPG,1,0,0,0,0,0
motorized_1_noDogs_2018-12-25--12-32-32.JPG,1,0,0,0,0,0
motorized_1_noDogs_2018-12-25--13-34-39.JPG,1,0,0,0,0,0
motorized_1_noDogs_2018-12-25--13-34-44.JPG,1,0,0,0,0,0
motorized_1_noDogs_2018-12-25--14-02-38.JPG,1,0,0,0,0,0
motorized_1_noDogs_2018-12-25--14-02-44.JPG,1,0,0,0,0,0
motorized_1_noDogs_2018-12-25--14-25-37.JPG,1,0,0,0,0,0
motorized_1_noDogs_2018-12-26--07-14-35.JPG,1,0,0,0,0,0
motorized_1_noDogs_2018-12-26--07-14-42.JPG,1,0,0,0,0,0
motorized_1_noDogs_2018-12-26--07-20-45.JPG,1,0,0,0,0,0
motorized_1_noDogs_2018-12-26--08-35-54.JPG,1,0,0,0,0,0
motorized_1_noDogs_2018-12-26--08-36-01.JPG,1,0,0,0,0,0
motorized_1_noDogs_2018-12-26--08-41-28.JPG,1,0,0,0,0,0
motorized_1_noDogs_2018-12-26--09-26-48.JPG,1,0,0,0,0,0
motorized_1_noDogs_2018-12-26--09-47-22.JPG,1,0,0,0,0,0
motorized_1_noDogs_2018-12-26--09-49-35.JPG,1,0,0,0,0,0
motorized_1_noDogs_2018-12-26--09-49-42.JPG,1,0,0,0,0,0
motorized_1_noDogs_2018-12-26--09-53-16.JPG,1,0,0,0,0,0
motorized_1_noDogs_2018-12-26--09-53-24.JPG,1,0,0,0,0,0
motorized_1_noDogs_2018-12-26--11-15-08.JPG,1,0,0,0,0,0
motorized_1_noDogs_2018-12-26--12-27-17.JPG,1,0,0,0,0,0
motorized_1_noDogs_2018-12-26--12-35-36.JPG,1,0,0,0,0,0
motorized_1_noDogs_2018-12-26--12-35-42.JPG,1,0,0,0,0,0
motorized_1_noDogs_2018-12-26--13-40-37.JPG,1,0,0,0,0,0
motorized_1_noDogs_2018-12-26--14-24-39.JPG,1,0,0,0,0,0
motorized_1_noDogs_2018-12-26--16-34-33.JPG,1,0,0,0,0,0
motorized_1_noDogs_2018-12-26--17-12-16.JPG,1,0,0,0,0,0
motorized_1_noDogs_2018-12-27--05-31-21.JPG,1,0,0,0,0,0
motorized_1_noDogs_2018-12-27--07-53-05.JPG,1,0,0,0,0,0
motorized_1_noDogs_2018-12-27--07-53-13.JPG,1,0,0,0,0,0
motorized_1_noDogs_2018-12-27--08-42-41.JPG,1,0,0,0,0,0
motorized_1_noDogs_2018-12-27--10-54-48.JPG,1,0,0,0,0,0
motorized_1_noDogs_2018-12-27--10-58-15.JPG,1,0,0,0,0,0
motorized_1_noDogs_2018-12-27--11-19-20.JPG,1,0,0,0,0,0
motorized_1_noDogs_2018-12-27--11-37-46.JPG,1,0,0,0,0,0
motorized_1_noDogs_2018-12-27--11-37-52.JPG,1,0,0,0,0,0
motorized_1_noDogs_2018-12-27--11-48-00.JPG,1,0,0,0,0,0
motorized_1_noDogs_2018-12-27--14-44-33.JPG,1,0,0,0,0,0
motorized_1_noDogs_2018-12-27--17-06-59.JPG,1,0,0,0,0,0
motorized_1_noDogs_2018-12-27--18-50-01.JPG,1,0,0,0,0,0
motorized_1_noDogs_2018-12-27--18-50-07.JPG,1,0,0,0,0,0
motorized_1_noDogs_2018-12-27--18-52-34.JPG,1,0,0,0,0,0
motorized_1_noDogs_2018-12-28--07-54-34.JPG,1,0,0,0,0,0
motorized_1_noDogs_2018-12-28--07-54-40.JPG,1,0,0,0,0,0
motorized_1_noDogs_2018-12-28--08-02-46.JPG,1,0,0,0,0,0
motorized_1_noDogs_2018-12-28--09-45-20.JPG,1,1,0,0,1,0
motorized_1_noDogs_2018-12-28--09-51-46.JPG,1,0,0,0,0,0
motorized_1_noDogs_2018-12-28--10-15-10.JPG,1,0,0,0,0,0
motorized_1_noDogs_2018-12-28--10-55-54.JPG,1,0,0,0,0,0
motorized_1_noDogs_2018-12-28--11-00-26.JPG,1,0,0,0,0,0
motorized_1_noDogs_2018-12-28--12-01-03.JPG,1,0,0,0,0,0
motorized_1_noDogs_2018-12-28--12-01-09.JPG,1,0,0,0,0,0
motorized_1_noDogs_2018-12-28--12-12-32.JPG,1,0,0,0,0,0
motorized_1_noDogs_2018-12-28--12-12-51.JPG,1,0,0,0,0,0
motorized_1_noDogs_2018-12-28--12-17-22.JPG,0,0,0,0,0,1
motorized_1_noDogs_2018-12-28--12-21-34.JPG,1,0,0,0,0,0
motorized_1_noDogs_2018-12-28--12-21-53.JPG,1,0,0,0,0,0
motorized_1_noDogs_2018-12-28--13-20-21.JPG,1,0,0,0,0,0
motorized_1_noDogs_2018-12-28--13-28-00.JPG,1,0,0,0,0,0
motorized_1_noDogs_2018-12-28--13-31-27.JPG,1,0,0,0,0,0
motorized_1_noDogs_2018-12-28--13-31-36.JPG,1,0,0,0,0,0
motorized_1_noDogs_2018-12-28--13-56-13.JPG,1,0,0,0,0,0
motorized_2_noDogs_2018-12-08--10-43-58.JPG,1,0,0,0,0,0
motorized_2_noDogs_2018-12-08--10-56-09.JPG,1,0,0,1,0,0
motorized_2_noDogs_2018-12-08--12-53-18.JPG,2,0,0,0,0,0
motorized_2_noDogs_2018-12-09--10-46-45.JPG,2,0,0,0,0,0
motorized_2_noDogs_2018-12-17--17-32-13.JPG,2,0,0,0,0,0
motorized_2_noDogs_2018-12-25--12-32-26.JPG,2,0,0,0,0,0
motorized_2_noDogs_2018-12-28--08-13-24.JPG,2,0,0,0,0,1
motorized_2_noDogs_2018-12-28--08-13-30.JPG,1,0,0,0,0,1
motorized_2_noDogs_2018-12-28--11-27-35.JPG,2,0,0,0,0,0
motorized_3_noDogs_2018-12-25--11-46-13.JPG,3,0,0,0,0,0
nobody_1_dogs1_2018-12-05--09-59-31.JPG,0,0,0,0,1,0
nobody_1_dogs1_2018-12-05--13-41-56.JPG,0,0,0,0,1,0
nobody_1_dogs1_2018-12-07--09-50-33.JPG,0,0,0,0,1,0
nobody_1_dogs1_2018-12-08--09-41-49.JPG,0,0,0,0,1,0
nobody_1_dogs1_2018-12-08--10-41-55.JPG,0,0,0,0,1,0
nobody_1_dogs1_2018-12-09--11-14-23.JPG,0,0,0,0,1,0
nobody_1_dogs1_2018-12-09--11-52-26.JPG,0,0,0,0,1,0
nobody_1_dogs1_2018-12-09--12-22-51.JPG,0,0,0,0,1,0
nobody_1_dogs1_2018-12-09--14-42-37.JPG,0,0,0,0,1,0
nobody_1_dogs1_2018-12-10--08-39-12.JPG,0,0,0,0,1,0
nobody_1_dogs1_2018-12-10--12-22-45.JPG,0,0,0,0,1,0
nobody_1_dogs1_2018-12-10--12-31-57.JPG,0,0,0,0,1,0
nobody_1_dogs1_2018-12-12--09-31-54.JPG,0,0,0,0,1,0
nobody_1_dogs1_2018-12-12--10-29-21.JPG,0,0,0,0,1,0
nobody_1_dogs1_2018-12-12--13-14-57.JPG,0,0,0,0,1,0
nobody_1_dogs1_2018-12-12--13-15-06.JPG,0,0,0,0,1,0
nobody_1_dogs1_2018-12-13--13-56-43.JPG,0,0,0,0,1,0
nobody_1_dogs1_2018-12-14--13-13-10.JPG,0,0,0,0,1,0
nobody_1_dogs1_2018-12-15--10-11-38.JPG,0,0,0,0,1,0
nobody_1_dogs1_2018-12-15--10-22-14.JPG,0,0,0,0,1,0
nobody_1_dogs1_2018-12-15--10-36-35.JPG,0,0,0,0,1,0
nobody_1_dogs1_2018-12-15--10-52-22.JPG,0,0,0,0,1,0
nobody_1_dogs1_2018-12-15--11-44-59.JPG,0,0,0,0,1,0
nobody_1_dogs1_2018-12-15--13-32-19.JPG,0,0,0,0,1,0
nobody_1_dogs1_2018-12-15--15-29-59.JPG,0,0,0,0,1,0
nobody_1_dogs1_2018-12-16--07-55-34.JPG,0,0,0,0,1,0
nobody_1_dogs1_2018-12-18--10-54-53.JPG,0,1,0,0,1,0
nobody_1_dogs1_2018-12-18--12-53-38.JPG,0,0,0,0,1,0
nobody_1_dogs1_2018-12-19--12-42-15.JPG,0,0,0,0,1,0
nobody_1_dogs1_2018-12-19--14-38-54.JPG,0,0,0,0,1,0
nobody_1_dogs1_2018-12-20--10-28-56.JPG,0,0,0,0,1,0
nobody_1_dogs1_2018-12-21--09-40-47.JPG,0,0,0,0,1,0
nobody_1_dogs1_2018-12-21--09-40-53.JPG,0,0,0,0,1,0
nobody_1_dogs1_2018-12-21--09-41-01.JPG,0,0,0,0,1,0
nobody_1_dogs1_2018-12-21--13-25-49.JPG,0,0,0,0,1,0
nobody_1_dogs1_2018-12-23--09-12-33.JPG,0,0,0,0,1,0
nobody_1_dogs1_2018-12-23--10-07-28.JPG,0,0,0,0,1,0
nobody_1_dogs1_2018-12-23--10-35-33.JPG,0,0,0,0,1,0
nobody_1_dogs1_2018-12-23--10-35-53.JPG,0,0,0,0,1,0
nobody_1_dogs1_2018-12-25--09-56-52.JPG,0,0,0,0,1,0
nobody_1_dogs1_2018-12-25--10-19-02.JPG,0,0,0,0,1,0
nobody_1_dogs1_2018-12-25--12-03-07.JPG,0,0,0,0,1,0
nobody_1_dogs1_2018-12-25--13-08-30.JPG,0,0,0,0,1,0
nobody_1_dogs1_2018-12-26--13-19-04.JPG,0,0,0,0,1,0
nobody_1_dogs1_2018-12-26--13-48-24.JPG,0,0,0,0,1,0
nobody_1_dogs1_2018-12-27--09-53-18.JPG,0,0,0,0,1,0
nobody_1_dogs1_2018-12-27--09-53-29.JPG,0,0,0,0,1,0
nobody_1_dogs1_2018-12-27--12-21-55.JPG,0,0,0,0,1,0
nobody_1_dogs1_2018-12-27--12-55-21.JPG,0,0,0,0,1,0
nobody_1_dogs1_2018-12-27--14-59-58.JPG,0,0,0,0,1,0
nobody_1_dogs1_2018-12-28--08-46-56.JPG,0,0,0,0,1,0
nobody_1_dogs1_2018-12-28--09-37-54.JPG,0,0,0,0,1,0
nobody_1_dogs1_2018-12-28--12-10-32.JPG,0,0,0,0,1,0
nobody_1_dogs2_2018-12-09--07-28-08.JPG,0,0,0,0,2,0
nobody_1_dogs2_2018-12-09--12-00-38.JPG,0,0,0,0,2,0
nobody_1_dogs2_2018-12-10--11-50-54.JPG,0,0,0,0,2,0
nobody_1_dogs2_2018-12-11--11-30-26.JPG,0,0,0,0,2,0
nobody_1_dogs2_2018-12-11--11-30-31.JPG,0,0,0,0,2,0
nobody_1_dogs2_2018-12-12--11-31-39.JPG,0,0,0,0,2,0
nobody_1_dogs2_2018-12-15--10-36-48.JPG,0,0,0,0,2,0
nobody_1_dogs2_2018-12-15--14-13-19.JPG,0,0,0,0,2,0
nobody_1_dogs2_2018-12-20--08-31-07.JPG,0,0,0,0,2,0
nobody_1_dogs2_2018-12-21--09-13-36.JPG,0,0,0,0,2,0
nobody_1_dogs2_2018-12-22--03-54-37.JPG,0,0,0,0,2,0
nobody_1_dogs2_2018-12-23--09-11-53.JPG,0,0,0,0,2,0
nobody_1_dogs2_2018-12-27--13-29-58.JPG,0,0,0,0,2,0
nobody_1_dogs2_2018-12-28--10-56-02.JPG,0,0,0,0,2,0
nobody_1_dogs3_2018-12-26--12-01-10.JPG,0,0,0,0,3,0
nobody_1_noDogs_2018-12-09--11-58-13.JPG,0,0,0,0,1,0
nobody_1_noDogs_2018-12-12--14-26-28.JPG,0,1,0,0,0,0
nobody_1_noDogs_2018-12-15--10-34-00.JPG,0,2,0,0,0,0
SY_00006.JPG,0,0,0,0,1,0
SY_00007.JPG,0,1,0,0,1,0
SY_00008.JPG,0,0,0,0,1,0
SY_00010.JPG,0,0,0,0,1,0
SY_00011.JPG,0,0,0,0,1,0
SY_00012.JPG,0,0,0,0,1,0
SY_00013.JPG,0,2,0,0,0,0
SY_00014.JPG,0,1,0,0,2,0
SY_00015.JPG,0,2,0,0,2,0
SY_00016.JPG,0,2,0,0,4,0
SY_00017.JPG,0,4,0,0,2,0
SY_00018.JPG,0,3,0,0,1,0
SY_00019.JPG,0,1,0,0,1,0
SY_00020.JPG,0,1,0,0,0,0
SY_00021.JPG,0,1,0,0,0,0
SY_00023.JPG,0,1,0,0,0,0
SY_00024.JPG,0,1,0,0,0,0
SY_00028.JPG,0,0,0,0,1,0
SY_00029.JPG,0,0,0,0,1,0
SY_00030.JPG,0,0,0,0,1,0
SY_00032.JPG,0,0,0,0,2,0
SY_00034.JPG,0,0,0,0,2,0
SY_00035.JPG,0,2,0,0,0,0
SY_00037.JPG,0,0,0,0,1,0
SY_00038.JPG,0,0,0,0,1,0
SY_00041.JPG,0,2,0,0,0,0
SY_00043.JPG,0,2,0,0,1,0
SY_00045.JPG,0,1,0,0,0,0
SY_00046.JPG,0,1,0,0,0,0
SY_00047.JPG,0,2,0,0,0,0
SY_00048.JPG,0,1,0,0,0,0
SY_00049.JPG,0,1,0,0,0,0
SY_00050.JPG,0,3,0,0,0,0
SY_00051.JPG,0,3,0,0,0,0
SY_00052.JPG,0,3,0,0,1,0
SY_00053.JPG,0,2,0,0,1,0
SY_00054.JPG,0,1,0,0,0,0
SY_00056.JPG,0,1,0,0,0,0
SY_00058.JPG,0,2,0,0,0,0
SY_00059.JPG,0,2,0,0,1,0
SY_00060.JPG,0,1,0,0,0,0
SY_00061.JPG,0,1,0,0,1,0
SY_00062.JPG,0,1,0,0,0,0
SY_00064.JPG,0,0,0,0,1,0
SY_00066.JPG,0,0,0,0,1,0
SY_00068.JPG,0,1,0,0,0,0
SY_00072.JPG,0,1,0,0,0,0
SY_00073.JPG,0,2,0,0,0,0
SY_00075.JPG,0,1,0,0,1,0
SY_00076.JPG,0,1,0,0,1,0
SY_00077.JPG,0,1,0,0,1,0
SY_00079.JPG,0,1,0,0,1,0
SY_00080.JPG,0,2,0,0,0,0
SY_00081.JPG,0,3,0,0,1,0
SY_00082.JPG,0,4,0,0,0,0
SY_00083.JPG,0,3,0,0,1,0
SY_00084.JPG,0,2,0,0,1,0
SY_00085.JPG,0,2,0,0,0,0
SY_00087.JPG,0,1,0,0,0,0
SY_00090.JPG,0,1,0,0,0,0
SY_00091.JPG,0,0,0,0,1,0
SY_00092.JPG,0,0,0,0,1,0
SY_00093.JPG,0,1,0,0,0,0
SY_00096.JPG,0,2,0,0,0,0
SY_00097.JPG,0,1,0,0,0,0
SY_00099.JPG,0,2,0,0,0,0
SY_00100.JPG,0,1,0,0,0,0
SY_00103.JPG,0,2,0,0,0,0
SY_00104.JPG,0,1,0,0,0,0
SY_00105.JPG,0,1,0,0,0,0
SY_00106.JPG,0,2,0,0,0,0
SY_00112.JPG,0,1,0,0,0,0
SY_00113.JPG,0,1,0,0,0,0
SY_00116.JPG,0,1,0,0,0,0
SY_00119.JPG,0,0,0,0,1,0
SY_00121.JPG,0,0,0,0,1,0
SY_00122.JPG,0,0,0,0,1,0
SY_00123.JPG,0,0,0,0,2,0
SY_00125.JPG,0,1,0,0,0,0
SY_00126.JPG,0,2,0,0,0,0
SY_00128.JPG,0,0,0,0,1,0
SY_00133.JPG,0,0,0,0,1,0
SY_00135.JPG,0,0,0,0,1,0
SY_00136.JPG,0,1,0,0,3,0
SY_00137.JPG,0,1,0,0,3,0
SY_00138.JPG,0,1,0,0,1,0
SY_00139.JPG,0,1,0,0,2,0
SY_00140.JPG,0,1,0,0,0,0
SY_00141.JPG,0,2,0,0,0,0
SY_00142.JPG,0,1,0,0,0,0
SY_00144.JPG,0,0,0,0,1,0
SY_00145.JPG,0,2,0,0,2,0
SY_00146.JPG,0,0,0,0,1,0
SY_00147.JPG,0,0,0,0,1,0
SY_00149.JPG,0,0,0,0,1,0
SY_00150.JPG,0,0,0,0,1,0
SY_00155.JPG,0,0,0,0,3,0
SY_00156.JPG,0,1,0,0,1,0
SY_00157.JPG,0,2,0,0,1,0
SY_00158.JPG,0,2,0,0,0,0
SY_00159.JPG,0,1,0,0,0,0
SY_00162.JPG,0,1,0,0,0,0
SY_00163.JPG,0,5,0,0,0,0
SY_00164.JPG,0,4,0,0,0,0
SY_00165.JPG,0,5,0,0,0,0
SY_00166.JPG,0,4,0,0,0,0
SY_00167.JPG,0,3,0,0,0,0
SY_00168.JPG,0,3,0,0,0,0
SY_00170.JPG,0,1,0,0,1,0
SY_00171.JPG,0,1,0,0,2,0
SY_00173.JPG,0,1,0,0,1,0
SY_00174.JPG,0,2,0,0,1,0
SY_00176.JPG,0,1,0,0,0,0
SY_00177.JPG,0,1,0,0,0,0
SY_00178.JPG,0,0,0,0,1,0
SY_00179.JPG,0,1,0,0,1,0
SY_00181.JPG,0,0,0,0,1,0
SY_00182.JPG,0,0,0,0,1,0
SY_00183.JPG,0,1,0,0,0,0
SY_00184.JPG,0,3,0,0,0,0
SY_00186.JPG,0,1,0,0,1,0
SY_00187.JPG,0,1,0,0,0,0
SY_00190.JPG,0,1,0,0,0,0
SY_00191.JPG,0,1,0,0,0,0
SY_00192.JPG,0,1,0,0,0,0
SY_00193.JPG,0,3,0,0,0,0
SY_00194.JPG,0,3,0,0,0,0
SY_00195.JPG,0,1,0,0,1,0
SY_00196.JPG,0,1,0,0,0,0
SY_00198.JPG,0,1,0,0,1,0
SY_00199.JPG,0,3,0,0,1,0
SY_00200.JPG,0,3,0,0,1,0
SY_00203.JPG,0,1,0,0,0,0
SY_00206.JPG,0,0,0,0,1,0
SY_00207.JPG,0,1,0,0,1,0
SY_00208.JPG,0,1,0,0,0,0
SY_00209.JPG,0,2,0,0,2,0
SY_00211.JPG,0,2,0,0,0,0
SY_00212.JPG,0,1,0,0,0,0
SY_00213.JPG,0,0,0,0,2,0
SY_00214.JPG,0,1,0,0,0,0
SY_00216.JPG,0,2,0,0,2,0
SY_00217.JPG,0,1,0,0,1,0
SY_00218.JPG,0,0,0,0,1,0
SY_00219.JPG,0,3,0,0,0,0
SY_00220.JPG,0,2,0,0,0,0
SY_00221.JPG,0,1,0,0,0,0
SY_00223.JPG,0,5,0,0,0,0
SY_00224.JPG,0,3,0,0,0,0
SY_00226.JPG,0,0,0,0,1,0
SY_00229.JPG,0,1,0,0,0,0
SY_00231.JPG,0,1,0,0,0,0
SY_00233.JPG,0,1,0,0,0,0
SY_00235.JPG,0,0,0,0,1,0
SY_00238.JPG,0,0,0,0,1,0
SY_00239.JPG,0,1,0,0,1,0
SY_00240.JPG,0,1,0,0,2,0
SY_00241.JPG,0,1,0,0,0,0
SY_00006.JPG,2,0,0,0,0,0
SY_00007.JPG,2,0,0,0,0,0
SY_00008.JPG,1,1,0,0,0,0
SY_00009.JPG,2,1,0,0,0,0
SY_00013.JPG,2,1,0,0,0,0
SY_00015.JPG,2,0,0,0,0,0
SY_00018.JPG,1,1,0,0,0,0
SY_00019.JPG,2,1,0,0,0,0
SY_00020.JPG,1,1,0,0,0,0
SY_00021.JPG,1,0,0,0,0,0
SY_00022.JPG,2,0,0,0,0,0
SY_00023.JPG,2,0,0,0,0,0
SY_00024.JPG,2,1,0,0,0,0
SY_00025.JPG,2,0,0,0,0,0
SY_00026.JPG,2,1,0,0,0,0
SY_00028.JPG,2,1,0,0,1,0
SY_00029.JPG,0,0,0,0,1,0
SY_00030.JPG,0,2,0,0,4,0
SY_00032.JPG,0,0,0,0,0,0
SY_00034.JPG,0,1,0,0,0,0
SY_00035.JPG,0,2,0,0,0,0
SY_00036.JPG,0,1,0,0,0,0
SY_00037.JPG,0,2,0,0,0,0
SY_00038.JPG,0,2,0,0,1,0
SY_00039.JPG,0,3,0,0,2,0
SY_00040.JPG,1,1,0,0,2,0
SY_00041.JPG,0,1,0,0,0,0
SY_00043.JPG,0,3,0,0,0,0
SY_00044.JPG,0,2,0,0,0,0
SY_00045.JPG,0,1,0,0,0,0
SY_00046.JPG,0,2,0,0,0,0
SY_00048.JPG,0,0,0,0,1,0
SY_00049.JPG,0,1,0,0,0,0
SY_00051.JPG,0,1,0,0,0,0
SY_00052.JPG,0,1,0,0,0,0
SY_00053.JPG,0,6,0,0,2,0
SY_00054.JPG,0,3,0,0,1,0
SY_00055.JPG,0,1,0,0,1,0
SY_00058.JPG,0,2,0,0,0,0
SY_00059.JPG,0,2,0,0,0,0
SY_00062.JPG,0,0,0,0,0,0
SY_00064.JPG,0,2,0,0,1,0
SY_00065.JPG,0,2,0,0,0,0
SY_00066.JPG,0,1,0,0,0,0
SY_00068.JPG,0,1,0,0,0,0
SY_00069.JPG,0,1,0,0,0,0
SY_00071.JPG,0,1,0,0,1,0
SY_00072.JPG,0,1,0,0,1,0
SY_00073.JPG,0,2,0,0,0,0
SY_00075.JPG,0,0,0,0,1,0
SY_00076.JPG,0,4,0,0,2,0
SY_00077.JPG,0,5,0,0,2,0
SY_00079.JPG,0,1,0,0,1,0
SY_00081.JPG,0,1,0,0,0,0
SY_00082.JPG,1,0,0,0,0,0
SY_00083.JPG,0,0,0,1,0,0
SY_00086.JPG,0,0,0,1,0,0
SY_00088.JPG,1,0,0,0,0,0
SY_00089.JPG,1,0,0,0,0,0
SY_00090.JPG,1,0,0,0,0,0
SY_00091.JPG,1,0,0,0,1,0
SY_00092.JPG,0,0,0,0,0,0
SY_00093.JPG,0,0,0,0,0,0
SY_00094.JPG,0,0,0,0,0,0
SY_00096.JPG,1,0,0,0,0,0
SY_00097.JPG,1,0,0,0,0,0
SY_00098.JPG,0,4,0,0,0,0
SY_00099.JPG,0,3,0,0,0,0
SY_00100.JPG,0,2,0,0,0,0
SY_00101.JPG,0,2,0,0,0,0
SY_00103.JPG,0,2,0,0,0,0
SY_00105.JPG,0,2,0,0,0,0
SY_00106.JPG,0,1,0,0,0,0
SY_00107.JPG,0,1,0,0,0,0
SY_00109.JPG,0,2,0,0,2,0
SY_00110.JPG,0,2,0,0,0,0
SY_00111.JPG,0,2,0,0,0,0
SY_00112.JPG,0,1,0,0,0,0
SY_00115.JPG,0,1,0,0,0,0
SY_00116.JPG,0,1,0,0,0,0
SY_00118.JPG,0,1,0,0,0,0
SY_00119.JPG,0,2,0,0,0,0
SY_00120.JPG,0,3,0,0,0,0
SY_00121.JPG,0,0,0,0,1,0
SY_00122.JPG,0,0,0,0,1,0
SY_00123.JPG,0,2,0,0,0,0
SY_00124.JPG,0,2,0,0,0,0
SY_00125.JPG,0,1,0,0,0,0
SY_00126.JPG,0,1,0,0,0,0
SY_00127.JPG,0,1,0,0,0,0
SY_00128.JPG,0,0,0,0,1,0
SY_00129.JPG,0,2,0,0,1,0
SY_00130.JPG,0,2,0,0,1,0
SY_00131.JPG,0,2,0,0,1,0
SY_00132.JPG,0,1,0,0,1,0
SY_00133.JPG,0,1,0,0,0,0
SY_00134.JPG,0,2,0,0,1,0
SY_00135.JPG,0,1,0,0,2,0
SY_00136.JPG,0,0,0,0,2,0
SY_00137.JPG,0,1,0,0,1,0
SY_00018.JPG,0,1,0,0,0,0
SY_00019.JPG,0,1,0,0,0,0
SY_00020.JPG,0,1,0,0,0,0
SY_00021.JPG,0,1,0,0,0,0
SY_00022.JPG,0,1,0,0,0,0
SY_00023.JPG,0,0,0,0,1,0
SY_00025.JPG,0,1,0,0,0,0
SY_00026.JPG,0,1,0,0,0,0
SY_00027.JPG,0,1,0,0,0,0
SY_00029.JPG,0,1,0,0,0,0
SY_00030.JPG,0,1,0,0,1,0
SY_00031.JPG,0,1,0,0,1,0
SY_00032.JPG,0,1,0,0,1,0
SY_00033.JPG,0,1,0,0,0,0
SY_00034.JPG,0,0,0,2,0,0
SY_00035.JPG,0,1,0,0,2,0
SY_00036.JPG,0,1,0,0,1,0
SY_00037.JPG,0,1,0,0,0,0
SY_00039.JPG,0,1,0,0,2,0
SY_00040.JPG,0,1,0,0,0,0
SY_00041.JPG,0,1,0,0,0,0
SY_00043.JPG,0,1,0,0,0,0
SY_00044.JPG,0,1,0,0,0,0
SY_00045.JPG,0,1,0,0,0,0
SY_00046.JPG,0,1,0,0,0,0
SY_00047.JPG,0,1,0,0,0,0
SY_00050.JPG,0,1,0,0,0,0
SY_00051.JPG,0,1,0,0,0,0
SY_00052.JPG,0,1,0,0,0,0
SY_00054.JPG,0,1,0,0,0,0
SY_00055.JPG,0,0,0,0,1,0
SY_00058.JPG,0,1,0,0,0,0
SY_00059.JPG,0,1,0,0,1,0
SY_00061.JPG,0,1,0,0,0,0
SY_00062.JPG,0,1,0,0,0,0
SY_00063.JPG,0,1,0,0,0,0
SY_00064.JPG,0,1,0,0,0,0
SY_00065.JPG,0,1,0,0,0,0
SY_00066.JPG,0,1,0,0,0,0
SY_00067.JPG,0,1,0,0,1,0
SY_00068.JPG,0,1,0,0,1,0
SY_00070.JPG,0,1,0,0,0,0
SY_00072.JPG,0,4,0,0,0,0
SY_00073.JPG,0,5,0,0,0,0
SY_00074.JPG,0,6,0,0,0,0
SY_00075.JPG,0,3,0,0,0,0
SY_00076.JPG,0,5,0,0,0,0
SY_00077.JPG,0,3,0,0,0,0
SY_00078.JPG,0,2,0,0,0,0
SY_00079.JPG,0,2,0,0,0,0
SY_00080.JPG,0,1,0,1,0,0
SY_00081.JPG,0,0,0,1,0,0
SY_00082.JPG,0,0,0,1,0,0
SY_00083.JPG,0,1,0,0,0,0
SY_00085.JPG,0,1,0,0,0,0
SY_00086.JPG,0,2,0,0,0,0
SY_00087.JPG,0,1,0,0,0,0
SY_00088.JPG,0,2,0,0,0,0
SY_00089.JPG,0,2,0,0,0,0
SY_00090.JPG,0,2,0,0,0,0
SY_00091.JPG,0,2,0,0,0,0
SY_00092.JPG,0,2,0,0,0,0
SY_00093.JPG,0,2,0,0,1,0
SY_00094.JPG,0,2,0,0,1,0
SY_00095.JPG,0,4,0,0,1,0
SY_00096.JPG,0,4,0,0,1,0
SY_00097.JPG,0,4,0,1,1,0
SY_00098.JPG,0,4,0,1,0,0
SY_00099.JPG,0,4,0,1,1,0
SY_00100.JPG,0,4,0,0,0,0
SY_00101.JPG,0,6,0,0,1,0
SY_00102.JPG,0,7,0,0,0,0
SY_00103.JPG,0,6,0,0,0,0
SY_00104.JPG,0,6,0,0,0,0
SY_00105.JPG,0,3,0,0,0,0
SY_00106.JPG,0,3,0,0,0,0
SY_00107.JPG,0,3,0,0,0,0
SY_00108.JPG,0,1,0,0,0,0
SY_00109.JPG,0,2,0,0,0,0
SY_00110.JPG,0,1,0,0,0,0
SY_00112.JPG,0,0,0,0,1,0
SY_00113.JPG,0,0,0,0,1,0
SY_00114.JPG,0,0,0,0,2,0
SY_00115.JPG,0,2,0,0,2,0
SY_00116.JPG,0,2,0,0,1,0
SY_00117.JPG,0,3,0,0,1,0
SY_00118.JPG,0,3,0,0,0,0
SY_00119.JPG,0,4,0,0,0,0
SY_00120.JPG,0,3,0,0,0,0
SY_00121.JPG,0,3,0,0,0,0
SY_00123.JPG,0,2,0,0,0,0
SY_00124.JPG,0,2,0,0,0,0
SY_00125.JPG,0,1,0,0,0,0
SY_00127.JPG,0,1,0,0,0,0
SY_00131.JPG,0,1,0,0,1,0
SY_00132.JPG,0,1,0,0,1,0
SY_00133.JPG,0,1,0,0,1,0
SY_00134.JPG,0,3,0,0,3,0
SY_00135.JPG,0,3,0,0,0,0
SY_00136.JPG,0,2,0,0,0,0
SY_00006.JPG,0,2,0,0,0,0
SY_00008.JPG,0,2,0,0,0,0
SY_00009.JPG,0,1,0,0,0,0
SY_00010.JPG,0,1,0,0,0,0
SY_00030.JPG,0,0,0,0,1,0
SY_00034.JPG,0,1,0,0,0,0
SY_00036.JPG,0,1,0,0,1,0
SY_00044.JPG,0,1,0,0,0,0
SY_00045.JPG,0,1,0,0,0,0
SY_00046.JPG,0,1,0,0,0,0
SY_00047.JPG,0,1,0,0,0,0
SY_00048.JPG,0,1,0,0,0,0
